--字典类型表
INSERT INTO T_DICTIONARY_TYPE(TYPE_ID,TYPE_NAME) VALUES('1','交易类型');
INSERT INTO T_DICTIONARY_TYPE(TYPE_ID,TYPE_NAME) VALUES('2','付款方式');
INSERT INTO T_DICTIONARY_TYPE(TYPE_ID,TYPE_NAME) VALUES('3','交易动作类型');
INSERT INTO T_DICTIONARY_TYPE(TYPE_ID,TYPE_NAME) VALUES('4','箱子尺寸类型');
INSERT INTO T_DICTIONARY_TYPE(TYPE_ID,TYPE_NAME) VALUES('5','箱子存货状态');
INSERT INTO T_DICTIONARY_TYPE(TYPE_ID,TYPE_NAME) VALUES('6','箱子运行状态');
INSERT INTO T_DICTIONARY_TYPE(TYPE_ID,TYPE_NAME) VALUES('7','柜子状态');
INSERT INTO T_DICTIONARY_TYPE(TYPE_ID,TYPE_NAME) VALUES('8','物箱运行状态');
INSERT INTO T_DICTIONARY_TYPE(TYPE_ID,TYPE_NAME) VALUES('9','外围设备类型');
INSERT INTO T_DICTIONARY_TYPE(TYPE_ID,TYPE_NAME) VALUES('10','外围设备状态');
INSERT INTO T_DICTIONARY_TYPE(TYPE_ID,TYPE_NAME) VALUES('11','对应物箱的外围设备运行状态');
INSERT INTO T_DICTIONARY_TYPE(TYPE_ID,TYPE_NAME) VALUES('12','物箱外观类型');
INSERT INTO T_DICTIONARY_TYPE(TYPE_ID,TYPE_NAME) VALUES('13','传输接口上行下行');
INSERT INTO T_DICTIONARY_TYPE(TYPE_ID,TYPE_NAME) VALUES('14','快递员组对物箱可执行权限类型');
INSERT INTO T_DICTIONARY_TYPE(TYPE_ID,TYPE_NAME) VALUES('15','快递公司服务状态');
#INSERT INTO T_DICTIONARY_TYPE(TYPE_ID,TYPE_NAME) VALUES('16','物箱维护记录完成状态');		--去除
INSERT INTO T_DICTIONARY_TYPE(TYPE_ID,TYPE_NAME) VALUES('17','物箱维护记录进行状态');
INSERT INTO T_DICTIONARY_TYPE(TYPE_ID,TYPE_NAME) VALUES('18','物箱维护类型');
INSERT INTO T_DICTIONARY_TYPE(TYPE_ID,TYPE_NAME) VALUES('19','用户性别');
INSERT INTO T_DICTIONARY_TYPE(TYPE_ID,TYPE_NAME) VALUES('20','证件类型');
INSERT INTO T_DICTIONARY_TYPE(TYPE_ID,TYPE_NAME) VALUES('21','用户状态');
INSERT INTO T_DICTIONARY_TYPE(TYPE_ID,TYPE_NAME) VALUES('22','用户卡片类型');
INSERT INTO T_DICTIONARY_TYPE(TYPE_ID,TYPE_NAME) VALUES('23','用户卡片状态');
INSERT INTO T_DICTIONARY_TYPE(TYPE_ID,TYPE_NAME) VALUES('24','注册人员注册方式');
INSERT INTO T_DICTIONARY_TYPE(TYPE_ID,TYPE_NAME) VALUES('25','快递人员状态');
INSERT INTO T_DICTIONARY_TYPE(TYPE_ID,TYPE_NAME) VALUES('26','优惠蛔刺');
INSERT INTO T_DICTIONARY_TYPE(TYPE_ID,TYPE_NAME) VALUES('27','角色状态');
INSERT INTO T_DICTIONARY_TYPE(TYPE_ID,TYPE_NAME) VALUES('28','模块类型');
INSERT INTO T_DICTIONARY_TYPE(TYPE_ID,TYPE_NAME) VALUES('29','模块状态');
INSERT INTO T_DICTIONARY_TYPE(TYPE_ID,TYPE_NAME) VALUES('30','定制物箱别名级别');
INSERT INTO T_DICTIONARY_TYPE(TYPE_ID,TYPE_NAME) VALUES('31','用户类型');
INSERT INTO T_DICTIONARY_TYPE(TYPE_ID,TYPE_NAME) VALUES('32','行政区域状态');
INSERT INTO T_DICTIONARY_TYPE(TYPE_ID,TYPE_NAME) VALUES('33','物箱IP链接类型');
INSERT INTO T_DICTIONARY_TYPE(TYPE_ID,TYPE_NAME) VALUES('34','角色类型');
INSERT INTO T_DICTIONARY_TYPE(TYPE_ID,TYPE_NAME) VALUES('35','交易支付款项类别');
INSERT INTO T_DICTIONARY_TYPE(TYPE_ID,TYPE_NAME) VALUES('36','维护权限类型');
INSERT INTO T_DICTIONARY_TYPE(TYPE_ID,TYPE_NAME) VALUES('37','订单状态');
INSERT INTO T_DICTIONARY_TYPE(TYPE_ID,TYPE_NAME) VALUES('38','操作日志平台');
INSERT INTO T_DICTIONARY_TYPE(TYPE_ID,TYPE_NAME) VALUES('39','操作日志操作类型');
INSERT INTO T_DICTIONARY_TYPE(TYPE_ID,TYPE_NAME) VALUES('40','柜子类型');


--字典表
INSERT INTO T_FLAG_DICTIONARY(CODE,NAME,TYPE_ID,DESCRIPTION,STATUS) VALUES(1,'寄件','1','',1);
INSERT INTO T_FLAG_DICTIONARY(CODE,NAME,TYPE_ID,DESCRIPTION,STATUS) VALUES(2,'投件','1','',1);
INSERT INTO T_FLAG_DICTIONARY(CODE,NAME,TYPE_ID,DESCRIPTION,STATUS) VALUES(3,'寄存','1','',1);
INSERT INTO T_FLAG_DICTIONARY(CODE,NAME,TYPE_ID,DESCRIPTION,STATUS) VALUES(1,'投币','2','',1);
INSERT INTO T_FLAG_DICTIONARY(CODE,NAME,TYPE_ID,DESCRIPTION,STATUS) VALUES(2,'优惠','2','',1);
-- INSERT INTO T_FLAG_DICTIONARY(CODE,NAME,TYPE_ID,DESCRIPTION,STATUS) VALUES(1,'寄件人存件','3','',1);
-- INSERT INTO T_FLAG_DICTIONARY(CODE,NAME,TYPE_ID,DESCRIPTION,STATUS) VALUES(2,'快递员取件','3','',1);
-- INSERT INTO T_FLAG_DICTIONARY(CODE,NAME,TYPE_ID,DESCRIPTION,STATUS) VALUES(3,'快递员投件','3','',1);
-- INSERT INTO T_FLAG_DICTIONARY(CODE,NAME,TYPE_ID,DESCRIPTION,STATUS) VALUES(4,'用户取件','3','',1);
-- INSERT INTO T_FLAG_DICTIONARY(CODE,NAME,TYPE_ID,DESCRIPTION,STATUS) VALUES(5,'用户寄存存件','3','',1);
--/new begin
INSERT INTO T_FLAG_DICTIONARY(CODE,NAME,TYPE_ID,DESCRIPTION,STATUS) VALUES(1,'寄件人成功存件','3','',1);
INSERT INTO T_FLAG_DICTIONARY(CODE,NAME,TYPE_ID,DESCRIPTION,STATUS) VALUES(2,'快递员成功取件','3','',1);
INSERT INTO T_FLAG_DICTIONARY(CODE,NAME,TYPE_ID,DESCRIPTION,STATUS) VALUES(3,'快递员成功投件','3','',1);
INSERT INTO T_FLAG_DICTIONARY(CODE,NAME,TYPE_ID,DESCRIPTION,STATUS) VALUES(4,'收件人成功取件','3','',1);
INSERT INTO T_FLAG_DICTIONARY(CODE,NAME,TYPE_ID,DESCRIPTION,STATUS) VALUES(5,'寄存人成功寄件','3','',1);
INSERT INTO T_FLAG_DICTIONARY(CODE,NAME,TYPE_ID,DESCRIPTION,STATUS) VALUES(6,'寄存人成功取件','3','',1);
INSERT INTO T_FLAG_DICTIONARY(CODE,NAME,TYPE_ID,DESCRIPTION,STATUS) VALUES(7,'寄件人寄件无空箱','3','',1);
INSERT INTO T_FLAG_DICTIONARY(CODE,NAME,TYPE_ID,DESCRIPTION,STATUS) VALUES(8,'快递员投件无空箱','3','',1);
INSERT INTO T_FLAG_DICTIONARY(CODE,NAME,TYPE_ID,DESCRIPTION,STATUS) VALUES(9,'寄存人存件无空箱','3','',1);
INSERT INTO T_FLAG_DICTIONARY(CODE,NAME,TYPE_ID,DESCRIPTION,STATUS) VALUES(10,'快递员投件退件','3','',1);
INSERT INTO T_FLAG_DICTIONARY(CODE,NAME,TYPE_ID,DESCRIPTION,STATUS) VALUES(11,'寄存人寄件退件','3','',1);
--/new end
INSERT INTO T_FLAG_DICTIONARY(CODE,NAME,TYPE_ID,DESCRIPTION,STATUS) VALUES(1,'超大','4','',1);
INSERT INTO T_FLAG_DICTIONARY(CODE,NAME,TYPE_ID,DESCRIPTION,STATUS) VALUES(2,'大','4','',1);
INSERT INTO T_FLAG_DICTIONARY(CODE,NAME,TYPE_ID,DESCRIPTION,STATUS) VALUES(3,'中','4','',1);
INSERT INTO T_FLAG_DICTIONARY(CODE,NAME,TYPE_ID,DESCRIPTION,STATUS) VALUES(4,'小','4','',1);
INSERT INTO T_FLAG_DICTIONARY(CODE,NAME,TYPE_ID,DESCRIPTION,STATUS) VALUES(5,'超小','4','',1);
INSERT INTO T_FLAG_DICTIONARY(CODE,NAME,TYPE_ID,DESCRIPTION,STATUS) VALUES(1,'空闲','5','',1);
INSERT INTO T_FLAG_DICTIONARY(CODE,NAME,TYPE_ID,DESCRIPTION,STATUS) VALUES(2,'占用','5','',1);
INSERT INTO T_FLAG_DICTIONARY(CODE,NAME,TYPE_ID,DESCRIPTION,STATUS) VALUES(3,'占用超时','5','',1);
INSERT INTO T_FLAG_DICTIONARY(CODE,NAME,TYPE_ID,DESCRIPTION,STATUS) VALUES(4,'弃件（占用超期）','5','',1);	-- update
--/new begin
INSERT INTO T_FLAG_DICTIONARY(CODE,NAME,TYPE_ID,DESCRIPTION,STATUS) VALUES(1,'空闲','6','',1);
INSERT INTO T_FLAG_DICTIONARY(CODE,NAME,TYPE_ID,DESCRIPTION,STATUS) VALUES(2,'占用','6','',1);
INSERT INTO T_FLAG_DICTIONARY(CODE,NAME,TYPE_ID,DESCRIPTION,STATUS) VALUES(3,'占用超时','6','',1);
INSERT INTO T_FLAG_DICTIONARY(CODE,NAME,TYPE_ID,DESCRIPTION,STATUS) VALUES(4,'弃件（占用超期）','6','',1);
--/new end
INSERT INTO T_FLAG_DICTIONARY(CODE,NAME,TYPE_ID,DESCRIPTION,STATUS) VALUES(5,'开启','6','',1);
INSERT INTO T_FLAG_DICTIONARY(CODE,NAME,TYPE_ID,DESCRIPTION,STATUS) VALUES(6,'故障','6','',1);
INSERT INTO T_FLAG_DICTIONARY(CODE,NAME,TYPE_ID,DESCRIPTION,STATUS) VALUES(7,'租用','6','',1);
INSERT INTO T_FLAG_DICTIONARY(CODE,NAME,TYPE_ID,DESCRIPTION,STATUS) VALUES(8,'预留','6','',1);
INSERT INTO T_FLAG_DICTIONARY(CODE,NAME,TYPE_ID,DESCRIPTION,STATUS) VALUES(9,'闭塞','6','',1);
INSERT INTO T_FLAG_DICTIONARY(CODE,NAME,TYPE_ID,DESCRIPTION,STATUS) VALUES(10,'未关闭','6','',1);
INSERT INTO T_FLAG_DICTIONARY(CODE,NAME,TYPE_ID,DESCRIPTION,STATUS) VALUES(11,'被破坏','6','',1);
INSERT INTO T_FLAG_DICTIONARY(CODE,NAME,TYPE_ID,DESCRIPTION,STATUS) VALUES(12,'维修','6','',1);
-- INSERT INTO T_FLAG_DICTIONARY(CODE,NAME,TYPE_ID,DESCRIPTION,STATUS) VALUES(13,'正常(关闭)','6','',1);  删除这个信息
INSERT INTO T_FLAG_DICTIONARY(CODE,NAME,TYPE_ID,DESCRIPTION,STATUS) VALUES(1,'正常','7','',1);
INSERT INTO T_FLAG_DICTIONARY(CODE,NAME,TYPE_ID,DESCRIPTION,STATUS) VALUES(2,'无空箱','7','',1);
INSERT INTO T_FLAG_DICTIONARY(CODE,NAME,TYPE_ID,DESCRIPTION,STATUS) VALUES(3,'负荷高','7','',1);
INSERT INTO T_FLAG_DICTIONARY(CODE,NAME,TYPE_ID,DESCRIPTION,STATUS) VALUES(4,'系统忙','7','',1);
INSERT INTO T_FLAG_DICTIONARY(CODE,NAME,TYPE_ID,DESCRIPTION,STATUS) VALUES(5,'故障恢复','7','',1);
INSERT INTO T_FLAG_DICTIONARY(CODE,NAME,TYPE_ID,DESCRIPTION,STATUS) VALUES(6,'维护中','7','',1);
INSERT INTO T_FLAG_DICTIONARY(CODE,NAME,TYPE_ID,DESCRIPTION,STATUS) VALUES(7,'断链','7','',1);
INSERT INTO T_FLAG_DICTIONARY(CODE,NAME,TYPE_ID,DESCRIPTION,STATUS) VALUES(8,'闭塞','7','',1);
INSERT INTO T_FLAG_DICTIONARY(CODE,NAME,TYPE_ID,DESCRIPTION,STATUS) VALUES(9,'重启','7','',1);
INSERT INTO T_FLAG_DICTIONARY(CODE,NAME,TYPE_ID,DESCRIPTION,STATUS) VALUES(1,'正常','8','',1);
INSERT INTO T_FLAG_DICTIONARY(CODE,NAME,TYPE_ID,DESCRIPTION,STATUS) VALUES(2,'无空箱','8','',1);
INSERT INTO T_FLAG_DICTIONARY(CODE,NAME,TYPE_ID,DESCRIPTION,STATUS) VALUES(3,'负荷高','8','',1);
INSERT INTO T_FLAG_DICTIONARY(CODE,NAME,TYPE_ID,DESCRIPTION,STATUS) VALUES(4,'系统忙','8','',1);
INSERT INTO T_FLAG_DICTIONARY(CODE,NAME,TYPE_ID,DESCRIPTION,STATUS) VALUES(5,'故障恢复','8','',1);
INSERT INTO T_FLAG_DICTIONARY(CODE,NAME,TYPE_ID,DESCRIPTION,STATUS) VALUES(6,'维护中','8','',1);
INSERT INTO T_FLAG_DICTIONARY(CODE,NAME,TYPE_ID,DESCRIPTION,STATUS) VALUES(7,'断链','8','',1);
INSERT INTO T_FLAG_DICTIONARY(CODE,NAME,TYPE_ID,DESCRIPTION,STATUS) VALUES(8,'闭塞','8','',1);
INSERT INTO T_FLAG_DICTIONARY(CODE,NAME,TYPE_ID,DESCRIPTION,STATUS) VALUES(9,'重启','8','',1);
INSERT INTO T_FLAG_DICTIONARY(CODE,NAME,TYPE_ID,DESCRIPTION,STATUS) VALUES(1,'工控计算机','9','',1);
INSERT INTO T_FLAG_DICTIONARY(CODE,NAME,TYPE_ID,DESCRIPTION,STATUS) VALUES(2,'读卡器','9','',1);
INSERT INTO T_FLAG_DICTIONARY(CODE,NAME,TYPE_ID,DESCRIPTION,STATUS) VALUES(3,'二维码识别器','9','',1);
INSERT INTO T_FLAG_DICTIONARY(CODE,NAME,TYPE_ID,DESCRIPTION,STATUS) VALUES(4,'红外识别','9','',1);
INSERT INTO T_FLAG_DICTIONARY(CODE,NAME,TYPE_ID,DESCRIPTION,STATUS) VALUES(5,'钱币识别器','9','',1);
INSERT INTO T_FLAG_DICTIONARY(CODE,NAME,TYPE_ID,DESCRIPTION,STATUS) VALUES(6,'摄像头','9','',1);
INSERT INTO T_FLAG_DICTIONARY(CODE,NAME,TYPE_ID,DESCRIPTION,STATUS) VALUES(7,'触摸屏','9','',1);
INSERT INTO T_FLAG_DICTIONARY(CODE,NAME,TYPE_ID,DESCRIPTION,STATUS) VALUES(8,'报警','9','',1);
INSERT INTO T_FLAG_DICTIONARY(CODE,NAME,TYPE_ID,DESCRIPTION,STATUS) VALUES(1,'正常','10','',1);
INSERT INTO T_FLAG_DICTIONARY(CODE,NAME,TYPE_ID,DESCRIPTION,STATUS) VALUES(2,'禁用','10','',1);
INSERT INTO T_FLAG_DICTIONARY(CODE,NAME,TYPE_ID,DESCRIPTION,STATUS) VALUES(1,'正常','11','',1);
INSERT INTO T_FLAG_DICTIONARY(CODE,NAME,TYPE_ID,DESCRIPTION,STATUS) VALUES(2,'故障','11','',1);
INSERT INTO T_FLAG_DICTIONARY(CODE,NAME,TYPE_ID,DESCRIPTION,STATUS) VALUES(3,'被破坏','11','',1);
INSERT INTO T_FLAG_DICTIONARY(CODE,NAME,TYPE_ID,DESCRIPTION,STATUS) VALUES(4,'维修','11','',1);
INSERT INTO T_FLAG_DICTIONARY(CODE,NAME,TYPE_ID,DESCRIPTION,STATUS) VALUES(1,'物箱LOGO图','12','',1);
INSERT INTO T_FLAG_DICTIONARY(CODE,NAME,TYPE_ID,DESCRIPTION,STATUS) VALUES(1,'上行','13','请求平台接口',1);
INSERT INTO T_FLAG_DICTIONARY(CODE,NAME,TYPE_ID,DESCRIPTION,STATUS) VALUES(2,'下行','13','平台返回请求结果',1);
INSERT INTO T_FLAG_DICTIONARY(CODE,NAME,TYPE_ID,DESCRIPTION,STATUS) VALUES(1,'取件','14','',1);
INSERT INTO T_FLAG_DICTIONARY(CODE,NAME,TYPE_ID,DESCRIPTION,STATUS) VALUES(2,'派件','14','',1);
INSERT INTO T_FLAG_DICTIONARY(CODE,NAME,TYPE_ID,DESCRIPTION,STATUS) VALUES(1,'正常服务','15','',1);
INSERT INTO T_FLAG_DICTIONARY(CODE,NAME,TYPE_ID,DESCRIPTION,STATUS) VALUES(2,'服务终止','15','',1);
#INSERT INTO T_FLAG_DICTIONARY(CODE,NAME,TYPE_ID,DESCRIPTION,STATUS) VALUES(1,'未完成','16','',1);
#INSERT INTO T_FLAG_DICTIONARY(CODE,NAME,TYPE_ID,DESCRIPTION,STATUS) VALUES(2,'已完成','16','',1);
INSERT INTO T_FLAG_DICTIONARY(CODE,NAME,TYPE_ID,DESCRIPTION,STATUS) VALUES(1,'已指派','17','',1);
INSERT INTO T_FLAG_DICTIONARY(CODE,NAME,TYPE_ID,DESCRIPTION,STATUS) VALUES(2,'维护中','17','',1);
INSERT INTO T_FLAG_DICTIONARY(CODE,NAME,TYPE_ID,DESCRIPTION,STATUS) VALUES(3,'维护完成','17','',1);
INSERT INTO T_FLAG_DICTIONARY(CODE,NAME,TYPE_ID,DESCRIPTION,STATUS) VALUES(1,'正常维护','18','',1);
INSERT INTO T_FLAG_DICTIONARY(CODE,NAME,TYPE_ID,DESCRIPTION,STATUS) VALUES(2,'故障维护','18','',1);
INSERT INTO T_FLAG_DICTIONARY(CODE,NAME,TYPE_ID,DESCRIPTION,STATUS) VALUES(1,'男','19','',1);
INSERT INTO T_FLAG_DICTIONARY(CODE,NAME,TYPE_ID,DESCRIPTION,STATUS) VALUES(2,'女','19','',1);
INSERT INTO T_FLAG_DICTIONARY(CODE,NAME,TYPE_ID,DESCRIPTION,STATUS) VALUES(3,'未知','19','',1);
INSERT INTO T_FLAG_DICTIONARY(CODE,NAME,TYPE_ID,DESCRIPTION,STATUS) VALUES(1,'身份证','20','',1);
INSERT INTO T_FLAG_DICTIONARY(CODE,NAME,TYPE_ID,DESCRIPTION,STATUS) VALUES(2,'军官证','20','',1);
INSERT INTO T_FLAG_DICTIONARY(CODE,NAME,TYPE_ID,DESCRIPTION,STATUS) VALUES(3,'驾驶证','20','',1);
INSERT INTO T_FLAG_DICTIONARY(CODE,NAME,TYPE_ID,DESCRIPTION,STATUS) VALUES(1,'未激活','21','',1);
INSERT INTO T_FLAG_DICTIONARY(CODE,NAME,TYPE_ID,DESCRIPTION,STATUS) VALUES(2,'激活','21','',1);
INSERT INTO T_FLAG_DICTIONARY(CODE,NAME,TYPE_ID,DESCRIPTION,STATUS) VALUES(3,'禁用','21','',1);
INSERT INTO T_FLAG_DICTIONARY(CODE,NAME,TYPE_ID,DESCRIPTION,STATUS) VALUES(4,'无效','21','',1);
INSERT INTO T_FLAG_DICTIONARY(CODE,NAME,TYPE_ID,DESCRIPTION,STATUS) VALUES(1,'IC卡','22','',1);
INSERT INTO T_FLAG_DICTIONARY(CODE,NAME,TYPE_ID,DESCRIPTION,STATUS) VALUES(1,'启用','23','',1);
INSERT INTO T_FLAG_DICTIONARY(CODE,NAME,TYPE_ID,DESCRIPTION,STATUS) VALUES(2,'停用','23','',1);
INSERT INTO T_FLAG_DICTIONARY(CODE,NAME,TYPE_ID,DESCRIPTION,STATUS) VALUES(3,'挂失','23','',1);
INSERT INTO T_FLAG_DICTIONARY(CODE,NAME,TYPE_ID,DESCRIPTION,STATUS) VALUES(1,'门户注册','24','',1);
INSERT INTO T_FLAG_DICTIONARY(CODE,NAME,TYPE_ID,DESCRIPTION,STATUS) VALUES(2,'平台注册','24','',1);
INSERT INTO T_FLAG_DICTIONARY(CODE,NAME,TYPE_ID,DESCRIPTION,STATUS) VALUES(3,'手机注册','24','',1);
INSERT INTO T_FLAG_DICTIONARY(CODE,NAME,TYPE_ID,DESCRIPTION,STATUS) VALUES(4,'系统注册','24','',1);		-- add
INSERT INTO T_FLAG_DICTIONARY(CODE,NAME,TYPE_ID,DESCRIPTION,STATUS) VALUES(1,'正常','25','',1);
INSERT INTO T_FLAG_DICTIONARY(CODE,NAME,TYPE_ID,DESCRIPTION,STATUS) VALUES(2,'停职','25','',1);
INSERT INTO T_FLAG_DICTIONARY(CODE,NAME,TYPE_ID,DESCRIPTION,STATUS) VALUES(3,'无效','25','',1);
INSERT INTO T_FLAG_DICTIONARY(CODE,NAME,TYPE_ID,DESCRIPTION,STATUS) VALUES(1,'有效','26','',1);
INSERT INTO T_FLAG_DICTIONARY(CODE,NAME,TYPE_ID,DESCRIPTION,STATUS) VALUES(2,'无效','26','',1);
INSERT INTO T_FLAG_DICTIONARY(CODE,NAME,TYPE_ID,DESCRIPTION,STATUS) VALUES(1,'有效','27','',1);
INSERT INTO T_FLAG_DICTIONARY(CODE,NAME,TYPE_ID,DESCRIPTION,STATUS) VALUES(2,'无效','27','',1);
INSERT INTO T_FLAG_DICTIONARY(CODE,NAME,TYPE_ID,DESCRIPTION,STATUS) VALUES(1,'根节点','28','',1);
INSERT INTO T_FLAG_DICTIONARY(CODE,NAME,TYPE_ID,DESCRIPTION,STATUS) VALUES(2,'门户菜单','28','',1);
INSERT INTO T_FLAG_DICTIONARY(CODE,NAME,TYPE_ID,DESCRIPTION,STATUS) VALUES(3,'门户按钮','28','',1);
INSERT INTO T_FLAG_DICTIONARY(CODE,NAME,TYPE_ID,DESCRIPTION,STATUS) VALUES(4,'平台菜单','28','',1);
INSERT INTO T_FLAG_DICTIONARY(CODE,NAME,TYPE_ID,DESCRIPTION,STATUS) VALUES(5,'平台按钮','28','',1);
INSERT INTO T_FLAG_DICTIONARY(CODE,NAME,TYPE_ID,DESCRIPTION,STATUS) VALUES(6,'android菜单','28','',1);
INSERT INTO T_FLAG_DICTIONARY(CODE,NAME,TYPE_ID,DESCRIPTION,STATUS) VALUES(7,'android按钮','28','',1);
INSERT INTO T_FLAG_DICTIONARY(CODE,NAME,TYPE_ID,DESCRIPTION,STATUS) VALUES(8,'iphone菜单','28','',1);
INSERT INTO T_FLAG_DICTIONARY(CODE,NAME,TYPE_ID,DESCRIPTION,STATUS) VALUES(9,'iphone按钮','28','',1);
INSERT INTO T_FLAG_DICTIONARY(CODE,NAME,TYPE_ID,DESCRIPTION,STATUS) VALUES(1,'启用','29','',1);
INSERT INTO T_FLAG_DICTIONARY(CODE,NAME,TYPE_ID,DESCRIPTION,STATUS) VALUES(2,'停用','29','',1);
INSERT INTO T_FLAG_DICTIONARY(CODE,NAME,TYPE_ID,DESCRIPTION,STATUS) VALUES(1,'一级','30','无租用箱子',1);
INSERT INTO T_FLAG_DICTIONARY(CODE,NAME,TYPE_ID,DESCRIPTION,STATUS) VALUES(2,'二级','30','租用箱子',1);
INSERT INTO T_FLAG_DICTIONARY(CODE,NAME,TYPE_ID,DESCRIPTION,STATUS) VALUES(1,'普通注册用户','31','',1);
INSERT INTO T_FLAG_DICTIONARY(CODE,NAME,TYPE_ID,DESCRIPTION,STATUS) VALUES(2,'快递员','31','',1);
INSERT INTO T_FLAG_DICTIONARY(CODE,NAME,TYPE_ID,DESCRIPTION,STATUS) VALUES(3,'系统维护管理人员','31','',1);
INSERT INTO T_FLAG_DICTIONARY(CODE,NAME,TYPE_ID,DESCRIPTION,STATUS) VALUES(1,'可用','32','',1);
INSERT INTO T_FLAG_DICTIONARY(CODE,NAME,TYPE_ID,DESCRIPTION,STATUS) VALUES(2,'不可用','32','',1);
INSERT INTO T_FLAG_DICTIONARY(CODE,NAME,TYPE_ID,DESCRIPTION,STATUS) VALUES(1,'GE/FE','33','',1);
INSERT INTO T_FLAG_DICTIONARY(CODE,NAME,TYPE_ID,DESCRIPTION,STATUS) VALUES(2,'无线数据卡','33','',1);
INSERT INTO T_FLAG_DICTIONARY(CODE,NAME,TYPE_ID,DESCRIPTION,STATUS) VALUES(3,'WLAN','33','',1);
INSERT INTO T_FLAG_DICTIONARY(CODE,NAME,TYPE_ID,DESCRIPTION,STATUS) VALUES(1,'普通用户角色','34','主要用于访问门户的用户角色',1);
INSERT INTO T_FLAG_DICTIONARY(CODE,NAME,TYPE_ID,DESCRIPTION,STATUS) VALUES(2,'系统管理用户角色','34','主要用于访问平台的管理员的用户角色',1);
INSERT INTO T_FLAG_DICTIONARY(CODE,NAME,TYPE_ID,DESCRIPTION,STATUS) VALUES(1,'正常支付','35','正常收取款项，如寄存、寄件等',1);
INSERT INTO T_FLAG_DICTIONARY(CODE,NAME,TYPE_ID,DESCRIPTION,STATUS) VALUES(2,'逾期支付','35','当寄存、取件逾期时需补交款项',1);
INSERT INTO T_FLAG_DICTIONARY(CODE,NAME,TYPE_ID,DESCRIPTION,STATUS) VALUES(3,'退还金额','35','退还款项，如寄件不符标准改为寄存，取件时可退还部分金额',1);
INSERT INTO T_FLAG_DICTIONARY(CODE,NAME,TYPE_ID,DESCRIPTION,STATUS) VALUES(1,'任意物箱','36','可开启任意物箱',1);
INSERT INTO T_FLAG_DICTIONARY(CODE,NAME,TYPE_ID,DESCRIPTION,STATUS) VALUES(2,'特定状态物箱','36','只允许开启特定运行状态物箱',1);
INSERT INTO T_FLAG_DICTIONARY(CODE,NAME,TYPE_ID,DESCRIPTION,STATUS) VALUES(3,'特定物箱','36','只允许开启某一个物箱、或多个指定物箱',1);
INSERT INTO T_FLAG_DICTIONARY(CODE,NAME,TYPE_ID,DESCRIPTION,STATUS) VALUES(1,'完成','37','订单交易完成',1);
INSERT INTO T_FLAG_DICTIONARY(CODE,NAME,TYPE_ID,DESCRIPTION,STATUS) VALUES(2,'已投入物箱','37','订单待取件（寄件快递员未取件、投件用户未取件、）',1);
INSERT INTO T_FLAG_DICTIONARY(CODE,NAME,TYPE_ID,DESCRIPTION,STATUS) VALUES(3,'撤回','37','用户寄件不符合规范，快递员撤回（转寄存）',1);
INSERT INTO T_FLAG_DICTIONARY(CODE,NAME,TYPE_ID,DESCRIPTION,STATUS) VALUES(4,'已分配快递员','37','寄件快递已分配快递员',1);
INSERT INTO T_FLAG_DICTIONARY(CODE,NAME,TYPE_ID,DESCRIPTION,STATUS) VALUES(5,'失败','37','订单投递问题，如无空箱',1);	-- add
INSERT INTO T_FLAG_DICTIONARY(CODE,NAME,TYPE_ID,DESCRIPTION,STATUS) VALUES(1,'平台','38','该日志是平台操作触发',1);
INSERT INTO T_FLAG_DICTIONARY(CODE,NAME,TYPE_ID,DESCRIPTION,STATUS) VALUES(2,'物箱','38','该日志是物箱操作触发',1);
INSERT INTO T_FLAG_DICTIONARY(CODE,NAME,TYPE_ID,DESCRIPTION,STATUS) VALUES(1,'添加快递员组','39','新添加快递员组信息',1);
INSERT INTO T_FLAG_DICTIONARY(CODE,NAME,TYPE_ID,DESCRIPTION,STATUS) VALUES(2,'修改快递员组','39','修改/删除快递员组信息',1);
INSERT INTO T_FLAG_DICTIONARY(CODE,NAME,TYPE_ID,DESCRIPTION,STATUS) VALUES(3,'添加快递员','39','添加快递员信息',1);
INSERT INTO T_FLAG_DICTIONARY(CODE,NAME,TYPE_ID,DESCRIPTION,STATUS) VALUES(4,'修改快递员','39','修改/删除快递员信息',1);
INSERT INTO T_FLAG_DICTIONARY(CODE,NAME,TYPE_ID,DESCRIPTION,STATUS) VALUES(5,'绑定卡片','39','用户绑定卡片信息',1);
INSERT INTO T_FLAG_DICTIONARY(CODE,NAME,TYPE_ID,DESCRIPTION,STATUS) VALUES(6,'修改绑定卡片信息','39','修改绑定卡片信息/取消绑定卡片/更改卡片状态',1);
INSERT INTO T_FLAG_DICTIONARY(CODE,NAME,TYPE_ID,DESCRIPTION,STATUS) VALUES(7,'新增快递公司','39','新增快递员公司信息',1);
INSERT INTO T_FLAG_DICTIONARY(CODE,NAME,TYPE_ID,DESCRIPTION,STATUS) VALUES(8,'修改快递公司','39','修改/删除快递公司信息',1);
INSERT INTO T_FLAG_DICTIONARY(CODE,NAME,TYPE_ID,DESCRIPTION,STATUS) VALUES(9,'添加物箱组','39','添加物箱组信息',1);
INSERT INTO T_FLAG_DICTIONARY(CODE,NAME,TYPE_ID,DESCRIPTION,STATUS) VALUES(10,'修改物箱组','39','修改/删除物箱组信息',1);
INSERT INTO T_FLAG_DICTIONARY(CODE,NAME,TYPE_ID,DESCRIPTION,STATUS) VALUES(11,'添加物箱','39','添加物箱信息/未同步',1);
INSERT INTO T_FLAG_DICTIONARY(CODE,NAME,TYPE_ID,DESCRIPTION,STATUS) VALUES(12,'修改物箱','39','修改/删除物箱信息',1);
INSERT INTO T_FLAG_DICTIONARY(CODE,NAME,TYPE_ID,DESCRIPTION,STATUS) VALUES(13,'物箱信息同步','39','同步物箱信息(手动/轮询触发)',1);
INSERT INTO T_FLAG_DICTIONARY(CODE,NAME,TYPE_ID,DESCRIPTION,STATUS) VALUES(14,'配置派件快递员','39','同步物箱派件快递员组',1);
INSERT INTO T_FLAG_DICTIONARY(CODE,NAME,TYPE_ID,DESCRIPTION,STATUS) VALUES(15,'配置取件快递员','39','同步物箱取件快递员组',1);
INSERT INTO T_FLAG_DICTIONARY(CODE,NAME,TYPE_ID,DESCRIPTION,STATUS) VALUES(16,'配置维护员','39','同步物箱维护人员',1);
INSERT INTO T_FLAG_DICTIONARY(CODE,NAME,TYPE_ID,DESCRIPTION,STATUS) VALUES(17,'开箱','39','开启物箱',1);
INSERT INTO T_FLAG_DICTIONARY(CODE,NAME,TYPE_ID,DESCRIPTION,STATUS) VALUES(18,'发送维护密码','39','发送维护密码',1);
INSERT INTO T_FLAG_DICTIONARY(CODE,NAME,TYPE_ID,DESCRIPTION,STATUS) VALUES(19,'重发开箱密码','39','重新发送开箱密码',1);
-- 下面有修改
INSERT INTO T_FLAG_DICTIONARY(CODE,NAME,TYPE_ID,DESCRIPTION,STATUS) VALUES(20,'同步交易信息','39','物箱端上传同步交易信息',1);
INSERT INTO T_FLAG_DICTIONARY(CODE,NAME,TYPE_ID,DESCRIPTION,STATUS) VALUES(21,'客户寄件','39','物箱端寄件操作',1);
INSERT INTO T_FLAG_DICTIONARY(CODE,NAME,TYPE_ID,DESCRIPTION,STATUS) VALUES(22,'快递员投件','39','物箱端投件操作',1);
INSERT INTO T_FLAG_DICTIONARY(CODE,NAME,TYPE_ID,DESCRIPTION,STATUS) VALUES(23,'客户寄存','39','物箱端寄存操作',1);
INSERT INTO T_FLAG_DICTIONARY(CODE,NAME,TYPE_ID,DESCRIPTION,STATUS) VALUES(24,'快递员取件','39','物箱端快递员取走快件',1);
INSERT INTO T_FLAG_DICTIONARY(CODE,NAME,TYPE_ID,DESCRIPTION,STATUS) VALUES(25,'客户取件','39','物箱端快递员取走快件',1);
INSERT INTO T_FLAG_DICTIONARY(CODE,NAME,TYPE_ID,DESCRIPTION,STATUS) VALUES(26,'退件','39','物箱端退件操作',1);
INSERT INTO T_FLAG_DICTIONARY(CODE,NAME,TYPE_ID,DESCRIPTION,STATUS) VALUES(27,'同步维护人员','39','物箱端同步维护人员信息',1);
INSERT INTO T_FLAG_DICTIONARY(CODE,NAME,TYPE_ID,DESCRIPTION,STATUS) VALUES(28,'同步物箱状态','39','物箱端同步物箱状态信息',1);
INSERT INTO T_FLAG_DICTIONARY(CODE,NAME,TYPE_ID,DESCRIPTION,STATUS) VALUES(29,'同步快递员','39','物箱端同步快递人员信息',1);

--/new begin
INSERT INTO T_FLAG_DICTIONARY(CODE,NAME,TYPE_ID,DESCRIPTION,STATUS) VALUES(1,'A型','40','',1);
INSERT INTO T_FLAG_DICTIONARY(CODE,NAME,TYPE_ID,DESCRIPTION,STATUS) VALUES(2,'B型','40','',1);
--/new end
-- 下面SQL未执行
INSERT INTO T_FLAG_DICTIONARY(CODE,NAME,TYPE_ID,DESCRIPTION,STATUS) VALUES(27,'修改快递员','39','该日志是物箱操作触发',1);
INSERT INTO T_FLAG_DICTIONARY(CODE,NAME,TYPE_ID,DESCRIPTION,STATUS) VALUES(28,'修改快递员','39','该日志是物箱操作触发',1);
INSERT INTO T_FLAG_DICTIONARY(CODE,NAME,TYPE_ID,DESCRIPTION,STATUS) VALUES(29,'修改快递员','39','该日志是物箱操作触发',1);
INSERT INTO T_FLAG_DICTIONARY(CODE,NAME,TYPE_ID,DESCRIPTION,STATUS) VALUES(30,'修改快递员','39','该日志是物箱操作触发',1);
INSERT INTO T_FLAG_DICTIONARY(CODE,NAME,TYPE_ID,DESCRIPTION,STATUS) VALUES(31,'修改快递员','39','该日志是物箱操作触发',1);
INSERT INTO T_FLAG_DICTIONARY(CODE,NAME,TYPE_ID,DESCRIPTION,STATUS) VALUES(32,'修改快递员','39','该日志是物箱操作触发',1);




DELETE FROM T_DICTIONARY_TYPE WHERE TYPE_ID = '16';
DELETE FROM T_FLAG_DICTIONARY WHERE TYPE_ID = '16';

UPDATE T_FLAG_DICTIONARY SET STATUS = 0 WHERE CODE = 2 AND type_id = '31';

-- 接口数据

INSERT INTO T_INTF(INTF_ID, INTF_URL, INTF_NAME, UPDOWN) VALUES('1','/XBPhysicalBoxServlet?applyCode=1','物箱信息注册同步请求',1);
INSERT INTO T_INTF(INTF_ID, INTF_URL, INTF_NAME, UPDOWN) VALUES('2','/XBPhysicalBoxServlet?applyCode=1','物箱信息注册同步返回',2);
INSERT INTO T_INTF(INTF_ID, INTF_URL, INTF_NAME, UPDOWN) VALUES('3','/XBPhysicalBoxServlet?applyCode=2','上传同步交易信息请求',1);
INSERT INTO T_INTF(INTF_ID, INTF_URL, INTF_NAME, UPDOWN) VALUES('4','/XBPhysicalBoxServlet?applyCode=2','上传同步交易信息返回',2);
INSERT INTO T_INTF(INTF_ID, INTF_URL, INTF_NAME, UPDOWN) VALUES('5','/XBPhysicalBoxServlet?applyCode=3','发送开箱请求至物箱请求',1);
INSERT INTO T_INTF(INTF_ID, INTF_URL, INTF_NAME, UPDOWN) VALUES('6','/XBPhysicalBoxServlet?applyCode=3','发送开箱请求至物箱返回',2);
INSERT INTO T_INTF(INTF_ID, INTF_URL, INTF_NAME, UPDOWN) VALUES('7','/XBPhysicalBoxServlet?applyCode=4','开箱逾期信息发送请求',1);
INSERT INTO T_INTF(INTF_ID, INTF_URL, INTF_NAME, UPDOWN) VALUES('8','/XBPhysicalBoxServlet?applyCode=4','开箱逾期信息发送返回',2);
INSERT INTO T_INTF(INTF_ID, INTF_URL, INTF_NAME, UPDOWN) VALUES('9','/XBPhysicalBoxServlet?applyCode=5','通知平台已开启的箱子信息请求',1);
INSERT INTO T_INTF(INTF_ID, INTF_URL, INTF_NAME, UPDOWN) VALUES('10','/XBPhysicalBoxServlet?applyCode=5','通知平台已开启的箱子信息返回',2);
INSERT INTO T_INTF(INTF_ID, INTF_URL, INTF_NAME, UPDOWN) VALUES('11','/XBPhysicalBoxServlet?applyCode=6','平台计算快递费用请求',1);
INSERT INTO T_INTF(INTF_ID, INTF_URL, INTF_NAME, UPDOWN) VALUES('12','/XBPhysicalBoxServlet?applyCode=6','平台计算快递费用返回',2);
INSERT INTO T_INTF(INTF_ID, INTF_URL, INTF_NAME, UPDOWN) VALUES('13','/XBPhysicalBoxServlet?applyCode=7','同步物箱状态请求',1);
INSERT INTO T_INTF(INTF_ID, INTF_URL, INTF_NAME, UPDOWN) VALUES('14','/XBPhysicalBoxServlet?applyCode=7','同步物箱状态返回',2);
INSERT INTO T_INTF(INTF_ID, INTF_URL, INTF_NAME, UPDOWN) VALUES('15','/XBPhysicalBoxServlet?applyCode=8','更新快递员信息请求',1);
INSERT INTO T_INTF(INTF_ID, INTF_URL, INTF_NAME, UPDOWN) VALUES('16','/XBPhysicalBoxServlet?applyCode=8','更新快递员信息返回',2);
INSERT INTO T_INTF(INTF_ID, INTF_URL, INTF_NAME, UPDOWN) VALUES('17','/XBPhysicalBoxServlet?applyCode=9','更新维护人员信息请求',1);
INSERT INTO T_INTF(INTF_ID, INTF_URL, INTF_NAME, UPDOWN) VALUES('18','/XBPhysicalBoxServlet?applyCode=9','更新维护人员信息返回',2);
INSERT INTO T_INTF(INTF_ID, INTF_URL, INTF_NAME, UPDOWN) VALUES('19','/XBPhysicalBoxServlet?applyCode=10','发送寄存请求请求',1);
INSERT INTO T_INTF(INTF_ID, INTF_URL, INTF_NAME, UPDOWN) VALUES('20','/XBPhysicalBoxServlet?applyCode=10','发送寄存请求返回',2);
INSERT INTO T_INTF(INTF_ID, INTF_URL, INTF_NAME, UPDOWN) VALUES('21','/XBPhysicalBoxServlet?applyCode=11','通知箱子5秒后打开请求',1);
INSERT INTO T_INTF(INTF_ID, INTF_URL, INTF_NAME, UPDOWN) VALUES('22','/XBPhysicalBoxServlet?applyCode=11','通知箱子5秒后打开返回',2);
INSERT INTO T_INTF(INTF_ID, INTF_URL, INTF_NAME, UPDOWN) VALUES('23','/XBPhysicalBoxServlet?applyCode=12','APP登陆请求',1);
INSERT INTO T_INTF(INTF_ID, INTF_URL, INTF_NAME, UPDOWN) VALUES('24','/XBPhysicalBoxServlet?applyCode=12','APP登陆返回',2);
INSERT INTO T_INTF(INTF_ID, INTF_URL, INTF_NAME, UPDOWN) VALUES('25','/XBPhysicalBoxServlet?applyCode=13','APP请求开箱请求',1);
INSERT INTO T_INTF(INTF_ID, INTF_URL, INTF_NAME, UPDOWN) VALUES('26','/XBPhysicalBoxServlet?applyCode=13','APP请求开箱返回',2);
INSERT INTO T_INTF(INTF_ID, INTF_URL, INTF_NAME, UPDOWN) VALUES('27','/XBPhysicalBoxServlet?applyCode=14','APP请求开箱结果反馈接口请求',1);
INSERT INTO T_INTF(INTF_ID, INTF_URL, INTF_NAME, UPDOWN) VALUES('28','/XBPhysicalBoxServlet?applyCode=14','APP请求开箱结果反馈接口返回',2);
INSERT INTO T_INTF(INTF_ID, INTF_URL, INTF_NAME, UPDOWN) VALUES('29','/XBPhysicalBoxServlet?applyCode=15','APP获取交易列表请求',1);
INSERT INTO T_INTF(INTF_ID, INTF_URL, INTF_NAME, UPDOWN) VALUES('30','/XBPhysicalBoxServlet?applyCode=15','APP获取交易列表返回',2);
INSERT INTO T_INTF(INTF_ID, INTF_URL, INTF_NAME, UPDOWN) VALUES('31','','平台给GUI发送指令',2);
INSERT INTO T_INTF(INTF_ID, INTF_URL, INTF_NAME, UPDOWN) VALUES('32','','平台给APP返回数据',2);



-- 初始用户
INSERT  INTO `t_p_sys`(`USER_ID`,`ORG_DESC`,`DEPT_DESC`) VALUES ('141b5cad90528491',NULL,NULL);
INSERT  INTO `t_user_role`(`USER_ID`,`ROLE_ID`) VALUES ('141b5cad90528491','141bf0d677125221');
INSERT  INTO `t_user`(`USER_ID`,`USER_ACCOUNT`,`PASSWORD`,`USER_TYPE`,`USER_NAME`,`GENDER`,`PAPERWORK_TYPE`,`PAPERWORK_NUM`,`MOBILE_NUMBER`,`EMAIL`,`QQ`,`WB`,`WEIXIN`,`HOUSEHOLD_REGISTER_ADDRESS`,`HABITUAL_RESIDENCE`,`ZIP_CODE`,`CREATE_TIME`,`LAST_LOGIN_TIME`,`STATUS`) VALUES ('141b5cad90528491','admin','21232f297a57a5a743894a0e4a801fc3',3,'管理员',2,3,'lhjx009878','13651675043','','1123333233','','weisin','上海市浦东新区北海路23号','上海市浦东新区北海路23号','200000','2013-10-22 16:07:19','2013-12-26 10:17:18',2);


--模块表
insert  into `t_module`(`MODULE_ID`,`MODULE_CODE`,`PARENT_M_ID`,`MODULE_NAME`,`MODULE_LINK`,`MODULE_DESC`,`MODULE_LEVEL`,`SHOW_SEQ`,`MODULE_TYPE`,`CREATE_TIME`,`CREATOR`,`ENABLE_TIME`,`STATUS`) values ('1','XB','0','讯宝系统','','讯宝系统根目录',0,1,1,'2013-10-11 17:08:43','1','2013-10-11 16:29:15',1);
insert  into `t_module`(`MODULE_ID`,`MODULE_CODE`,`PARENT_M_ID`,`MODULE_NAME`,`MODULE_LINK`,`MODULE_DESC`,`MODULE_LEVEL`,`SHOW_SEQ`,`MODULE_TYPE`,`CREATE_TIME`,`CREATOR`,`ENABLE_TIME`,`STATUS`) values ('2','XB.PLAT','1','讯宝平台系统','','讯宝平台系统根目录',1,1,1,'2013-10-11 17:08:45','1','2013-10-11 16:29:16',1);
insert  into `t_module`(`MODULE_ID`,`MODULE_CODE`,`PARENT_M_ID`,`MODULE_NAME`,`MODULE_LINK`,`MODULE_DESC`,`MODULE_LEVEL`,`SHOW_SEQ`,`MODULE_TYPE`,`CREATE_TIME`,`CREATOR`,`ENABLE_TIME`,`STATUS`) values ('3','XB.PORTAL','1','讯宝门户系统','','讯宝门户系统根目录',1,2,1,'2013-10-11 17:46:10','1','2013-10-11 16:29:16',1);
insert  into `t_module`(`MODULE_ID`,`MODULE_CODE`,`PARENT_M_ID`,`MODULE_NAME`,`MODULE_LINK`,`MODULE_DESC`,`MODULE_LEVEL`,`SHOW_SEQ`,`MODULE_TYPE`,`CREATE_TIME`,`CREATOR`,`ENABLE_TIME`,`STATUS`) values ('141bb08c0df66395','XB.PORTAL.JSZC','3','技术支持','','',2,2,2,'2013-10-15 15:35:44',NULL,'2013-10-15 15:35:44',1);
insert  into `t_module`(`MODULE_ID`,`MODULE_CODE`,`PARENT_M_ID`,`MODULE_NAME`,`MODULE_LINK`,`MODULE_DESC`,`MODULE_LEVEL`,`SHOW_SEQ`,`MODULE_TYPE`,`CREATE_TIME`,`CREATOR`,`ENABLE_TIME`,`STATUS`) values ('141bb0929f411632','XB.PORTAL.JSZC.HELP','141bb08c0df66395','使用帮助','/portal/help.jsp','',3,1,2,'2013-10-15 15:36:11',NULL,'2013-10-15 15:36:11',1);
insert  into `t_module`(`MODULE_ID`,`MODULE_CODE`,`PARENT_M_ID`,`MODULE_NAME`,`MODULE_LINK`,`MODULE_DESC`,`MODULE_LEVEL`,`SHOW_SEQ`,`MODULE_TYPE`,`CREATE_TIME`,`CREATOR`,`ENABLE_TIME`,`STATUS`) values ('141bb0aa15626661','XB.PORTAL.XBUS','3','关于讯宝','','',2,3,2,'2013-10-15 15:37:47',NULL,'2013-10-15 15:37:47',1);
insert  into `t_module`(`MODULE_ID`,`MODULE_CODE`,`PARENT_M_ID`,`MODULE_NAME`,`MODULE_LINK`,`MODULE_DESC`,`MODULE_LEVEL`,`SHOW_SEQ`,`MODULE_TYPE`,`CREATE_TIME`,`CREATOR`,`ENABLE_TIME`,`STATUS`) values ('141bb0afd4634668','XB.PORTAL.XBUS.GSNEWS','141bb0aa15626661','公司新闻','/portal/companyNews.jsp','',3,1,2,'2013-10-15 15:38:10',NULL,'2013-10-15 15:38:10',1);
insert  into `t_module`(`MODULE_ID`,`MODULE_CODE`,`PARENT_M_ID`,`MODULE_NAME`,`MODULE_LINK`,`MODULE_DESC`,`MODULE_LEVEL`,`SHOW_SEQ`,`MODULE_TYPE`,`CREATE_TIME`,`CREATOR`,`ENABLE_TIME`,`STATUS`) values ('141bb0b52cd93901','XB.PORTAL.XBUS.YJNEWS','141bb0aa15626661','业界新闻','/portal/news.jsp','',3,2,2,'2013-10-15 15:38:32',NULL,'2013-10-15 15:38:32',1);
insert  into `t_module`(`MODULE_ID`,`MODULE_CODE`,`PARENT_M_ID`,`MODULE_NAME`,`MODULE_LINK`,`MODULE_DESC`,`MODULE_LEVEL`,`SHOW_SEQ`,`MODULE_TYPE`,`CREATE_TIME`,`CREATOR`,`ENABLE_TIME`,`STATUS`) values ('141bb0bb4a710370','XB.PORTAL.XBUS.GYUS','141bb0aa15626661','关于我们','/portal/aboutUs.jsp','',3,3,2,'2013-10-15 15:38:57',NULL,'2013-10-15 15:38:57',1);
insert  into `t_module`(`MODULE_ID`,`MODULE_CODE`,`PARENT_M_ID`,`MODULE_NAME`,`MODULE_LINK`,`MODULE_DESC`,`MODULE_LEVEL`,`SHOW_SEQ`,`MODULE_TYPE`,`CREATE_TIME`,`CREATOR`,`ENABLE_TIME`,`STATUS`) values ('141bb0fb6d606901','XB.PORTAL.LOGIN','3','登陆','/portal/toLogin.do','',2,1,3,'2013-10-15 15:43:20',NULL,'2013-10-15 15:43:20',1);
insert  into `t_module`(`MODULE_ID`,`MODULE_CODE`,`PARENT_M_ID`,`MODULE_NAME`,`MODULE_LINK`,`MODULE_DESC`,`MODULE_LEVEL`,`SHOW_SEQ`,`MODULE_TYPE`,`CREATE_TIME`,`CREATOR`,`ENABLE_TIME`,`STATUS`) values ('141bb104ce631050','XB.PORTAL.REGISTER','3','注册','/portal/toRegister.do','',2,2,3,'2013-10-15 15:43:58',NULL,'2013-10-15 15:43:58',1);
insert  into `t_module`(`MODULE_ID`,`MODULE_CODE`,`PARENT_M_ID`,`MODULE_NAME`,`MODULE_LINK`,`MODULE_DESC`,`MODULE_LEVEL`,`SHOW_SEQ`,`MODULE_TYPE`,`CREATE_TIME`,`CREATOR`,`ENABLE_TIME`,`STATUS`) values ('141bb19d8b121912','XB.PORTAL.XBSQ','3','迅保社区','/portal/community.jsp','',2,3,3,'2013-10-15 15:54:24',NULL,'2013-10-15 15:54:24',1);
insert  into `t_module`(`MODULE_ID`,`MODULE_CODE`,`PARENT_M_ID`,`MODULE_NAME`,`MODULE_LINK`,`MODULE_DESC`,`MODULE_LEVEL`,`SHOW_SEQ`,`MODULE_TYPE`,`CREATE_TIME`,`CREATOR`,`ENABLE_TIME`,`STATUS`) values ('141bb1dd22f65274','XB.PORTAL.SERVER','3','服务','','',2,4,2,'2013-10-15 15:58:44',NULL,'2013-10-15 15:58:44',1);
insert  into `t_module`(`MODULE_ID`,`MODULE_CODE`,`PARENT_M_ID`,`MODULE_NAME`,`MODULE_LINK`,`MODULE_DESC`,`MODULE_LEVEL`,`SHOW_SEQ`,`MODULE_TYPE`,`CREATE_TIME`,`CREATOR`,`ENABLE_TIME`,`STATUS`) values ('141bb1e900b08092','XB.PORTAL.SERVER.BOXSEARCH','141bb1dd22f65274','物箱查询','/portal/loadMap.do','',3,1,2,'2013-10-15 15:59:33',NULL,'2013-10-15 15:59:33',1);
insert  into `t_module`(`MODULE_ID`,`MODULE_CODE`,`PARENT_M_ID`,`MODULE_NAME`,`MODULE_LINK`,`MODULE_DESC`,`MODULE_LEVEL`,`SHOW_SEQ`,`MODULE_TYPE`,`CREATE_TIME`,`CREATOR`,`ENABLE_TIME`,`STATUS`) values ('141bb1f3fb907147','XB.PORTAL.SERVER.ORDER','141bb1dd22f65274','订单查询','/portal/loadOrderList.do','',3,2,2,'2013-10-15 16:00:18',NULL,'2013-10-15 16:00:18',1);
insert  into `t_module`(`MODULE_ID`,`MODULE_CODE`,`PARENT_M_ID`,`MODULE_NAME`,`MODULE_LINK`,`MODULE_DESC`,`MODULE_LEVEL`,`SHOW_SEQ`,`MODULE_TYPE`,`CREATE_TIME`,`CREATOR`,`ENABLE_TIME`,`STATUS`) values ('141bb2a065d76082','XB.PORTAL.GRGL','3','个人管理','','',2,5,2,'2013-10-15 16:12:04',NULL,'2013-10-15 16:12:04',1);
insert  into `t_module`(`MODULE_ID`,`MODULE_CODE`,`PARENT_M_ID`,`MODULE_NAME`,`MODULE_LINK`,`MODULE_DESC`,`MODULE_LEVEL`,`SHOW_SEQ`,`MODULE_TYPE`,`CREATE_TIME`,`CREATOR`,`ENABLE_TIME`,`STATUS`) values ('141bb2a967280235','XB.PORTAL.GRGL.INFO','141bb2a065d76082','个人信息','/portal/getUserInfo.do','',3,1,2,'2013-10-15 16:12:41',NULL,'2013-10-15 16:12:41',1);
insert  into `t_module`(`MODULE_ID`,`MODULE_CODE`,`PARENT_M_ID`,`MODULE_NAME`,`MODULE_LINK`,`MODULE_DESC`,`MODULE_LEVEL`,`SHOW_SEQ`,`MODULE_TYPE`,`CREATE_TIME`,`CREATOR`,`ENABLE_TIME`,`STATUS`) values ('141bb2b031b45591','XB.PORTAL.GRGL.PASSWORD','141bb2a065d76082','修改密码','/portal/toUpdatePassword.do','',3,2,2,'2013-10-15 16:13:09',NULL,'2013-10-15 16:13:09',1);
insert  into `t_module`(`MODULE_ID`,`MODULE_CODE`,`PARENT_M_ID`,`MODULE_NAME`,`MODULE_LINK`,`MODULE_DESC`,`MODULE_LEVEL`,`SHOW_SEQ`,`MODULE_TYPE`,`CREATE_TIME`,`CREATOR`,`ENABLE_TIME`,`STATUS`) values ('141bb2b6ea620343','XB.PORTAL.GRGL.UPINFO','141bb2a065d76082','修改基本信息','/portal/toUdpateUserInfo.do','',3,3,2,'2013-10-15 16:13:37',NULL,'2013-10-15 16:13:37',1);
insert  into `t_module`(`MODULE_ID`,`MODULE_CODE`,`PARENT_M_ID`,`MODULE_NAME`,`MODULE_LINK`,`MODULE_DESC`,`MODULE_LEVEL`,`SHOW_SEQ`,`MODULE_TYPE`,`CREATE_TIME`,`CREATOR`,`ENABLE_TIME`,`STATUS`) values ('141bf008d3304455','XB.PLAT.USER','2','用户管理','','',2,1,4,'2013-10-16 10:05:23',NULL,'2013-10-16 10:05:23',1);
insert  into `t_module`(`MODULE_ID`,`MODULE_CODE`,`PARENT_M_ID`,`MODULE_NAME`,`MODULE_LINK`,`MODULE_DESC`,`MODULE_LEVEL`,`SHOW_SEQ`,`MODULE_TYPE`,`CREATE_TIME`,`CREATOR`,`ENABLE_TIME`,`STATUS`) values ('141bf011c6a31542','XB.PLAT.USER.INFO','141bf008d3304455','用户信息','/plat/listUser.do','',3,1,4,'2013-10-16 10:06:00',NULL,'2013-10-16 10:06:00',1);
insert  into `t_module`(`MODULE_ID`,`MODULE_CODE`,`PARENT_M_ID`,`MODULE_NAME`,`MODULE_LINK`,`MODULE_DESC`,`MODULE_LEVEL`,`SHOW_SEQ`,`MODULE_TYPE`,`CREATE_TIME`,`CREATOR`,`ENABLE_TIME`,`STATUS`) values ('141bf01b82e97149','XB.PLAT.USER.ROLE','141bf008d3304455','角色管理','/plat/getRoleList.do','',3,2,4,'2013-10-16 10:06:40',NULL,'2013-10-16 10:06:40',1);
insert  into `t_module`(`MODULE_ID`,`MODULE_CODE`,`PARENT_M_ID`,`MODULE_NAME`,`MODULE_LINK`,`MODULE_DESC`,`MODULE_LEVEL`,`SHOW_SEQ`,`MODULE_TYPE`,`CREATE_TIME`,`CREATOR`,`ENABLE_TIME`,`STATUS`) values ('141bf0f0cb497739','XB.PLAT.USER.MODULE','141bf008d3304455','模块管理','/plat/listModule.do','',3,3,4,'2013-10-16 10:21:14',NULL,'2013-10-16 10:21:14',1);
insert  into `t_module`(`MODULE_ID`,`MODULE_CODE`,`PARENT_M_ID`,`MODULE_NAME`,`MODULE_LINK`,`MODULE_DESC`,`MODULE_LEVEL`,`SHOW_SEQ`,`MODULE_TYPE`,`CREATE_TIME`,`CREATOR`,`ENABLE_TIME`,`STATUS`) values ('141bf04102d37853','XB.PLAT.USER.COURIES','141bf008d3304455','快递员管理','/plat/getCourierList.do','',3,4,4,'2013-10-18 16:50:41',NULL,'2013-10-16 10:09:14',1);
insert  into `t_module`(`MODULE_ID`,`MODULE_CODE`,`PARENT_M_ID`,`MODULE_NAME`,`MODULE_LINK`,`MODULE_DESC`,`MODULE_LEVEL`,`SHOW_SEQ`,`MODULE_TYPE`,`CREATE_TIME`,`CREATOR`,`ENABLE_TIME`,`STATUS`) values ('141bf09849506789','XB.PLAT.HZF.KDGSGL','141bf08fc9903507','快递公司管理','/plat/getListCourierCompanies.do','',3,1,4,'2013-10-16 10:15:11',NULL,'2013-10-16 10:15:11',1);
insert  into `t_module`(`MODULE_ID`,`MODULE_CODE`,`PARENT_M_ID`,`MODULE_NAME`,`MODULE_LINK`,`MODULE_DESC`,`MODULE_LEVEL`,`SHOW_SEQ`,`MODULE_TYPE`,`CREATE_TIME`,`CREATOR`,`ENABLE_TIME`,`STATUS`) values ('141bf08fc9903507','XB.PLAT.HZF','2','合作方管理','','',2,3,4,'2013-10-16 10:14:36',NULL,'2013-10-16 10:14:36',1);
insert  into `t_module`(`MODULE_ID`,`MODULE_CODE`,`PARENT_M_ID`,`MODULE_NAME`,`MODULE_LINK`,`MODULE_DESC`,`MODULE_LEVEL`,`SHOW_SEQ`,`MODULE_TYPE`,`CREATE_TIME`,`CREATOR`,`ENABLE_TIME`,`STATUS`) values ('141bf088f9553402','XB.PLAT.BOX.WXGROUP','141bf074d0038553','物箱组','/plat/listBoxGroup.do','',3,2,4,'2013-10-16 10:14:08',NULL,'2013-10-16 10:14:08',1);
insert  into `t_module`(`MODULE_ID`,`MODULE_CODE`,`PARENT_M_ID`,`MODULE_NAME`,`MODULE_LINK`,`MODULE_DESC`,`MODULE_LEVEL`,`SHOW_SEQ`,`MODULE_TYPE`,`CREATE_TIME`,`CREATOR`,`ENABLE_TIME`,`STATUS`) values ('141bf074d0038553','XB.PLAT.BOX','2','物箱管理','','',2,2,4,'2013-10-16 10:12:46',NULL,'2013-10-16 10:12:46',1);
insert  into `t_module`(`MODULE_ID`,`MODULE_CODE`,`PARENT_M_ID`,`MODULE_NAME`,`MODULE_LINK`,`MODULE_DESC`,`MODULE_LEVEL`,`SHOW_SEQ`,`MODULE_TYPE`,`CREATE_TIME`,`CREATOR`,`ENABLE_TIME`,`STATUS`) values ('141bf07fd2f24018','XB.PLAT.BOX.WH','141bf074d0038553','物箱维护','/plat/listBox.do','',3,1,4,'2013-10-16 10:13:31',NULL,'2013-10-16 10:13:31',1);
insert  into `t_module`(`MODULE_ID`,`MODULE_CODE`,`PARENT_M_ID`,`MODULE_NAME`,`MODULE_LINK`,`MODULE_DESC`,`MODULE_LEVEL`,`SHOW_SEQ`,`MODULE_TYPE`,`CREATE_TIME`,`CREATOR`,`ENABLE_TIME`,`STATUS`) values ('141bf05aae100675','XB.PLAT.USER.CARD','141bf008d3304455','卡片管理','/plat/listCard.do','',3,6,4,'2013-10-16 10:10:59',NULL,'2013-10-16 10:10:59',1);
insert  into `t_module`(`MODULE_ID`,`MODULE_CODE`,`PARENT_M_ID`,`MODULE_NAME`,`MODULE_LINK`,`MODULE_DESC`,`MODULE_LEVEL`,`SHOW_SEQ`,`MODULE_TYPE`,`CREATE_TIME`,`CREATOR`,`ENABLE_TIME`,`STATUS`) values ('141bf05089695844','XB.PLAT.USER.COURIERGROUP','141bf008d3304455','快递员组管理','/plat/getListCourierGroup.do','',3,5,4,'2013-10-16 10:10:17',NULL,'2013-10-16 10:10:17',1);
insert  into `t_module`(`MODULE_ID`,`MODULE_CODE`,`PARENT_M_ID`,`MODULE_NAME`,`MODULE_LINK`,`MODULE_DESC`,`MODULE_LEVEL`,`SHOW_SEQ`,`MODULE_TYPE`,`CREATE_TIME`,`CREATOR`,`ENABLE_TIME`,`STATUS`) values ('141bf09ea6a32300','XB.PLAT.YWGL','2','业务管理','','',2,4,4,'2013-10-16 10:15:37',NULL,'2013-10-16 10:15:37',1);
insert  into `t_module`(`MODULE_ID`,`MODULE_CODE`,`PARENT_M_ID`,`MODULE_NAME`,`MODULE_LINK`,`MODULE_DESC`,`MODULE_LEVEL`,`SHOW_SEQ`,`MODULE_TYPE`,`CREATE_TIME`,`CREATOR`,`ENABLE_TIME`,`STATUS`) values ('141bf0a47d107940','XB.PLAT.YWGL.LOG','141bf09ea6a32300','日志管理','/plat/getOperationLogList.do','',3,1,4,'2013-10-16 10:16:01',NULL,'2013-10-16 10:16:01',1);
insert  into `t_module`(`MODULE_ID`,`MODULE_CODE`,`PARENT_M_ID`,`MODULE_NAME`,`MODULE_LINK`,`MODULE_DESC`,`MODULE_LEVEL`,`SHOW_SEQ`,`MODULE_TYPE`,`CREATE_TIME`,`CREATOR`,`ENABLE_TIME`,`STATUS`) values ('141bf0af34033621','XB.PLAT.YWGL.ORDERX','141bf09ea6a32300','订单管理','/plat/getOrderList.do','',3,2,4,'2013-10-16 10:16:45',NULL,'2013-10-16 10:16:45',1);
insert  into `t_module`(`MODULE_ID`,`MODULE_CODE`,`PARENT_M_ID`,`MODULE_NAME`,`MODULE_LINK`,`MODULE_DESC`,`MODULE_LEVEL`,`SHOW_SEQ`,`MODULE_TYPE`,`CREATE_TIME`,`CREATOR`,`ENABLE_TIME`,`STATUS`) values ('141bf0b93e697725','XB.PLAT.HOME','2','个人主页','/plat/toUserHome.do','',2,1,5,'2013-10-16 10:17:26',NULL,'2013-10-16 10:17:26',1);
/*
INSERT INTO T_MODULE(MODULE_ID, MODULE_CODE, PARENT_M_ID, MODULE_NAME, MODULE_LINK, MODULE_DESC, MODULE_LEVEL, SHOW_SEQ, MODULE_TYPE, CREATE_TIME, CREATOR, ENABLE_TIME, STATUS)
VALUES('1','XB','0','迅保系统','','迅保系统根目录',0,1,1,NOW(),1,NOW(),1);
INSERT INTO T_MODULE(MODULE_ID, MODULE_CODE, PARENT_M_ID, MODULE_NAME, MODULE_LINK, MODULE_DESC, MODULE_LEVEL, SHOW_SEQ, MODULE_TYPE, CREATE_TIME, CREATOR, ENABLE_TIME, STATUS)
VALUES('2','XB.PLAT','1','迅保平台系统','','迅保平台系统根目录',1,1,1,NOW(),1,NOW(),1);
INSERT INTO T_MODULE(MODULE_ID, MODULE_CODE, PARENT_M_ID, MODULE_NAME, MODULE_LINK, MODULE_DESC, MODULE_LEVEL, SHOW_SEQ, MODULE_TYPE, CREATE_TIME, CREATOR, ENABLE_TIME, STATUS)
VALUES('3','XB.PORTAL','1','迅保门户系统','','迅保门户系统根目录',1,1,1,NOW(),1,NOW(),1);
*/

-- 角色表
insert  into `t_role`(`ROLE_ID`,`ROLE_NAME`,`ROLE_TYPE`,`ROLE_DESC`,`CREATE_TIME`,`CREATOR`,`LAST_UPDATE_TIME`,`LAST_UPDATE_USER`,`STATUS`) values ('141b5744cc728976','匿名用户',1,'未登录用户角色','2013-11-03 20:26:20','1','2013-11-03 20:26:20','1',2);
insert  into `t_role`(`ROLE_ID`,`ROLE_NAME`,`ROLE_TYPE`,`ROLE_DESC`,`CREATE_TIME`,`CREATOR`,`LAST_UPDATE_TIME`,`LAST_UPDATE_USER`,`STATUS`) values ('141bf0d677125221','系统管理员',2,'系统超级管理员','2013-10-16 10:17:08','1','2013-10-16 10:17:08','1',1);
insert  into `t_role`(`ROLE_ID`,`ROLE_NAME`,`ROLE_TYPE`,`ROLE_DESC`,`CREATE_TIME`,`CREATOR`,`LAST_UPDATE_TIME`,`LAST_UPDATE_USER`,`STATUS`) values ('141bb27b81935887','注册用户',1,'系统普通注册用户','2013-10-23 15:13:15','1','2013-10-23 15:13:15','1',1);
insert  into `t_role`(`ROLE_ID`,`ROLE_NAME`,`ROLE_TYPE`,`ROLE_DESC`,`CREATE_TIME`,`CREATOR`,`LAST_UPDATE_TIME`,`LAST_UPDATE_USER`,`STATUS`) values ('141bfe241d429158','系统维护员',2,'系统维护人员','2013-10-24 08:00:16','1','2013-10-24 08:00:16','1',1);

-- 角色模块表
insert  into `t_role_module`(`ROLE_ID`,`MODULE_ID`) values ('141b5744cc728976','1');
insert  into `t_role_module`(`ROLE_ID`,`MODULE_ID`) values ('141bb27b81935887','1');
insert  into `t_role_module`(`ROLE_ID`,`MODULE_ID`) values ('141bf0d677125221','1');
insert  into `t_role_module`(`ROLE_ID`,`MODULE_ID`) values ('141bfe241d429158','1');
insert  into `t_role_module`(`ROLE_ID`,`MODULE_ID`) values ('141b5744cc728976','141bb08c0df66395');
insert  into `t_role_module`(`ROLE_ID`,`MODULE_ID`) values ('141bb27b81935887','141bb08c0df66395');
insert  into `t_role_module`(`ROLE_ID`,`MODULE_ID`) values ('141b5744cc728976','141bb0929f411632');
insert  into `t_role_module`(`ROLE_ID`,`MODULE_ID`) values ('141bb27b81935887','141bb0929f411632');
insert  into `t_role_module`(`ROLE_ID`,`MODULE_ID`) values ('141b5744cc728976','141bb0aa15626661');
insert  into `t_role_module`(`ROLE_ID`,`MODULE_ID`) values ('141bb27b81935887','141bb0aa15626661');
insert  into `t_role_module`(`ROLE_ID`,`MODULE_ID`) values ('141b5744cc728976','141bb0afd4634668');
insert  into `t_role_module`(`ROLE_ID`,`MODULE_ID`) values ('141bb27b81935887','141bb0afd4634668');
insert  into `t_role_module`(`ROLE_ID`,`MODULE_ID`) values ('141b5744cc728976','141bb0b52cd93901');
insert  into `t_role_module`(`ROLE_ID`,`MODULE_ID`) values ('141bb27b81935887','141bb0b52cd93901');
insert  into `t_role_module`(`ROLE_ID`,`MODULE_ID`) values ('141b5744cc728976','141bb0bb4a710370');
insert  into `t_role_module`(`ROLE_ID`,`MODULE_ID`) values ('141bb27b81935887','141bb0bb4a710370');
insert  into `t_role_module`(`ROLE_ID`,`MODULE_ID`) values ('141b5744cc728976','141bb0fb6d606901');
insert  into `t_role_module`(`ROLE_ID`,`MODULE_ID`) values ('141b5744cc728976','141bb104ce631050');
insert  into `t_role_module`(`ROLE_ID`,`MODULE_ID`) values ('141b5744cc728976','141bb19d8b121912');
insert  into `t_role_module`(`ROLE_ID`,`MODULE_ID`) values ('141bb27b81935887','141bb19d8b121912');
insert  into `t_role_module`(`ROLE_ID`,`MODULE_ID`) values ('141b5744cc728976','141bb1dd22f65274');
insert  into `t_role_module`(`ROLE_ID`,`MODULE_ID`) values ('141bb27b81935887','141bb1dd22f65274');
insert  into `t_role_module`(`ROLE_ID`,`MODULE_ID`) values ('141b5744cc728976','141bb1e900b08092');
insert  into `t_role_module`(`ROLE_ID`,`MODULE_ID`) values ('141bb27b81935887','141bb1e900b08092');
insert  into `t_role_module`(`ROLE_ID`,`MODULE_ID`) values ('141bb27b81935887','141bb1f3fb907147');
insert  into `t_role_module`(`ROLE_ID`,`MODULE_ID`) values ('141bb27b81935887','141bb2a065d76082');
insert  into `t_role_module`(`ROLE_ID`,`MODULE_ID`) values ('141bb27b81935887','141bb2a967280235');
insert  into `t_role_module`(`ROLE_ID`,`MODULE_ID`) values ('141bb27b81935887','141bb2b031b45591');
insert  into `t_role_module`(`ROLE_ID`,`MODULE_ID`) values ('141bb27b81935887','141bb2b6ea620343');
insert  into `t_role_module`(`ROLE_ID`,`MODULE_ID`) values ('141bf0d677125221','141bf008d3304455');
insert  into `t_role_module`(`ROLE_ID`,`MODULE_ID`) values ('141bfe241d429158','141bf008d3304455');
insert  into `t_role_module`(`ROLE_ID`,`MODULE_ID`) values ('141bf0d677125221','141bf011c6a31542');
insert  into `t_role_module`(`ROLE_ID`,`MODULE_ID`) values ('141bfe241d429158','141bf011c6a31542');
insert  into `t_role_module`(`ROLE_ID`,`MODULE_ID`) values ('141bf0d677125221','141bf01b82e97149');
insert  into `t_role_module`(`ROLE_ID`,`MODULE_ID`) values ('141bfe241d429158','141bf01b82e97149');
insert  into `t_role_module`(`ROLE_ID`,`MODULE_ID`) values ('141bf0d677125221','141bf04102d37853');
insert  into `t_role_module`(`ROLE_ID`,`MODULE_ID`) values ('141bfe241d429158','141bf04102d37853');
insert  into `t_role_module`(`ROLE_ID`,`MODULE_ID`) values ('141bf0d677125221','141bf05089695844');
insert  into `t_role_module`(`ROLE_ID`,`MODULE_ID`) values ('141bfe241d429158','141bf05089695844');
insert  into `t_role_module`(`ROLE_ID`,`MODULE_ID`) values ('141bf0d677125221','141bf05aae100675');
insert  into `t_role_module`(`ROLE_ID`,`MODULE_ID`) values ('141bfe241d429158','141bf05aae100675');
insert  into `t_role_module`(`ROLE_ID`,`MODULE_ID`) values ('141bf0d677125221','141bf074d0038553');
insert  into `t_role_module`(`ROLE_ID`,`MODULE_ID`) values ('141bfe241d429158','141bf074d0038553');
insert  into `t_role_module`(`ROLE_ID`,`MODULE_ID`) values ('141bf0d677125221','141bf07fd2f24018');
insert  into `t_role_module`(`ROLE_ID`,`MODULE_ID`) values ('141bf0d677125221','141bf088f9553402');
insert  into `t_role_module`(`ROLE_ID`,`MODULE_ID`) values ('141bf0d677125221','141bf08fc9903507');
insert  into `t_role_module`(`ROLE_ID`,`MODULE_ID`) values ('141bfe241d429158','141bf08fc9903507');
insert  into `t_role_module`(`ROLE_ID`,`MODULE_ID`) values ('141bf0d677125221','141bf09849506789');
insert  into `t_role_module`(`ROLE_ID`,`MODULE_ID`) values ('141bf0d677125221','141bf09ea6a32300');
insert  into `t_role_module`(`ROLE_ID`,`MODULE_ID`) values ('141bfe241d429158','141bf09ea6a32300');
insert  into `t_role_module`(`ROLE_ID`,`MODULE_ID`) values ('141bf0d677125221','141bf0a47d107940');
insert  into `t_role_module`(`ROLE_ID`,`MODULE_ID`) values ('141bfe241d429158','141bf0a47d107940');
insert  into `t_role_module`(`ROLE_ID`,`MODULE_ID`) values ('141bf0d677125221','141bf0af34033621');
insert  into `t_role_module`(`ROLE_ID`,`MODULE_ID`) values ('141bfe241d429158','141bf0af34033621');
insert  into `t_role_module`(`ROLE_ID`,`MODULE_ID`) values ('141bf0d677125221','141bf0b93e697725');
insert  into `t_role_module`(`ROLE_ID`,`MODULE_ID`) values ('141bfe241d429158','141bf0b93e697725');
insert  into `t_role_module`(`ROLE_ID`,`MODULE_ID`) values ('141bf0d677125221','141bf0c198106191');
insert  into `t_role_module`(`ROLE_ID`,`MODULE_ID`) values ('141bf0d677125221','141bf0f0cb497739');
insert  into `t_role_module`(`ROLE_ID`,`MODULE_ID`) values ('141bfe241d429158','141bf0f0cb497739');
insert  into `t_role_module`(`ROLE_ID`,`MODULE_ID`) values ('141bf0d677125221','2');
insert  into `t_role_module`(`ROLE_ID`,`MODULE_ID`) values ('141bfe241d429158','2');
insert  into `t_role_module`(`ROLE_ID`,`MODULE_ID`) values ('141b5744cc728976','3');
insert  into `t_role_module`(`ROLE_ID`,`MODULE_ID`) values ('141bb27b81935887','3');





--
INSERT INTO T_STORAGESTATION_TYPE VALUE ('1','V100R001C00','V100R001C00','物箱类型V100R001C00');
--卡片颁发机构
INSERT INTO T_ISSUED_AGENCY(AGENCY_ID, AGENCY_CODE, AGENCY_NAME, AGENCY_DESC) VALUES('1','XB','讯宝','');
--交易信息
INSERT INTO T_TRANSACTION(TRANS_ID, TRANS_CODE, CREATE_TIME, USER_ID, SUPPLIER_ID, EXPRESS_DELIVERY_ID, EXPRESS_CODE, EXPRESS_DESC, PAST_DUE_TIME, STORAGE_TIME, PICKUP_PWD, IS_STANDARDS_COMPLIANT, NOT_STANDARDS_COMPLIANT_CAUSE, SENDER_ID, ADDRESSEE_ID, LAST_MODIFY_TIME, CLOSE_TIME, BOX_ID, TRANS_TYPE, BOX_TRANS_ID, NEED_ADD_PRICE, SIZE_TYPE, COURIER_ID)
VALUES('1','TRANS0000001',NOW(),'141b5cad90528491','000000','000000','0000102029381','快件描述信息1',0,360,'123456',1,NULL,'141b6562bf454526','141b660959772930',NULL,NULL,'1430e0370ab01867',1,'BOX_TRANS_000001',0,1,'141e33b1e1596113');
INSERT INTO T_TRANSACTION(TRANS_ID, TRANS_CODE, CREATE_TIME, USER_ID, SUPPLIER_ID, EXPRESS_DELIVERY_ID, EXPRESS_CODE, EXPRESS_DESC, PAST_DUE_TIME, STORAGE_TIME, PICKUP_PWD, IS_STANDARDS_COMPLIANT, NOT_STANDARDS_COMPLIANT_CAUSE, SENDER_ID, ADDRESSEE_ID, LAST_MODIFY_TIME, CLOSE_TIME, BOX_ID, TRANS_TYPE, BOX_TRANS_ID, NEED_ADD_PRICE, SIZE_TYPE, COURIER_ID)
VALUES('2','TRANS0000002',NOW(),'141b5cad90528491','000000','000000','0000102029382','快件描述信息2',0,360,'111111',1,NULL,'141b655145e75393','141b660959772930',NULL,NULL,'1430e0370ab64671',2,'BOX_TRANS_000002',0,2,'141def96c6495640');
INSERT INTO T_TRANSACTION(TRANS_ID, TRANS_CODE, CREATE_TIME, USER_ID, SUPPLIER_ID, EXPRESS_DELIVERY_ID, EXPRESS_CODE, EXPRESS_DESC, PAST_DUE_TIME, STORAGE_TIME, PICKUP_PWD, IS_STANDARDS_COMPLIANT, NOT_STANDARDS_COMPLIANT_CAUSE, SENDER_ID, ADDRESSEE_ID, LAST_MODIFY_TIME, CLOSE_TIME, BOX_ID, TRANS_TYPE, BOX_TRANS_ID, NEED_ADD_PRICE, SIZE_TYPE, COURIER_ID)
VALUES('3','TRANS0000003',NOW(),'141b5cad90528491','000000','000000','0000102029383','快件描述信息3',0,360,'222222',1,NULL,'141b6562bf454526','141b6562bf454526',NULL,NULL,'1430e0370ab98476',1,'BOX_TRANS_000003',0,3,'141def96c6495640');
INSERT INTO T_TRANSACTION(TRANS_ID, TRANS_CODE, CREATE_TIME, USER_ID, SUPPLIER_ID, EXPRESS_DELIVERY_ID, EXPRESS_CODE, EXPRESS_DESC, PAST_DUE_TIME, STORAGE_TIME, PICKUP_PWD, IS_STANDARDS_COMPLIANT, NOT_STANDARDS_COMPLIANT_CAUSE, SENDER_ID, ADDRESSEE_ID, LAST_MODIFY_TIME, CLOSE_TIME, BOX_ID, TRANS_TYPE, BOX_TRANS_ID, NEED_ADD_PRICE, SIZE_TYPE, COURIER_ID)
VALUES('4','TRANS0000004',NOW(),'141b5cad90528491','000000','000000','0000102029384','快件描述信息4',0,360,'333333',1,NULL,'141b6562bf454526','141bb77ecac34474',NULL,NULL,'1430e0370ab24906',2,'BOX_TRANS_000004',0,4,'141def96c6495640');
INSERT INTO T_TRANSACTION(TRANS_ID, TRANS_CODE, CREATE_TIME, USER_ID, SUPPLIER_ID, EXPRESS_DELIVERY_ID, EXPRESS_CODE, EXPRESS_DESC, PAST_DUE_TIME, STORAGE_TIME, PICKUP_PWD, IS_STANDARDS_COMPLIANT, NOT_STANDARDS_COMPLIANT_CAUSE, SENDER_ID, ADDRESSEE_ID, LAST_MODIFY_TIME, CLOSE_TIME, BOX_ID, TRANS_TYPE, BOX_TRANS_ID, NEED_ADD_PRICE, SIZE_TYPE, COURIER_ID)
VALUES('5','TRANS0000005',NOW(),'141b5cad90528491','000000','000000','0000102029385','快件描述信息5',0,360,'444444',1,NULL,'141de34638c62126','141de34638c62126',NULL,NULL,'1430e0370ab39347',3,'BOX_TRANS_000005',0,5);
INSERT INTO T_TRANSACTION(TRANS_ID, TRANS_CODE, CREATE_TIME, USER_ID, SUPPLIER_ID, EXPRESS_DELIVERY_ID, EXPRESS_CODE, EXPRESS_DESC, PAST_DUE_TIME, STORAGE_TIME, PICKUP_PWD, IS_STANDARDS_COMPLIANT, NOT_STANDARDS_COMPLIANT_CAUSE, SENDER_ID, ADDRESSEE_ID, LAST_MODIFY_TIME, CLOSE_TIME, BOX_ID, TRANS_TYPE, BOX_TRANS_ID, NEED_ADD_PRICE, SIZE_TYPE, COURIER_ID)
VALUES('6','TRANS0000006',NOW(),'141b5cad90528491','000000','000000','0000102029386','快件描述信息6',0,360,'555555',1,NULL,'141df0685ab20305','141b660959772930',NULL,NULL,'1430e0370aa73068',1,'BOX_TRANS_000006',0,1,'141def96c6495640');
INSERT INTO T_TRANSACTION(TRANS_ID, TRANS_CODE, CREATE_TIME, USER_ID, SUPPLIER_ID, EXPRESS_DELIVERY_ID, EXPRESS_CODE, EXPRESS_DESC, PAST_DUE_TIME, STORAGE_TIME, PICKUP_PWD, IS_STANDARDS_COMPLIANT, NOT_STANDARDS_COMPLIANT_CAUSE, SENDER_ID, ADDRESSEE_ID, LAST_MODIFY_TIME, CLOSE_TIME, BOX_ID, TRANS_TYPE, BOX_TRANS_ID, NEED_ADD_PRICE, SIZE_TYPE, COURIER_ID)
VALUES('7','TRANS0000007',NOW(),'141b5cad90528491','000000','000000','0000102029387','快件描述信息7',0,360,'666666',1,NULL,'141b6562bf454526','141df0685ab20305',NULL,NULL,'1430e0370aa52099',1,'BOX_TRANS_000007',0,2,'141e33b1e1596113');
INSERT INTO T_TRANSACTION(TRANS_ID, TRANS_CODE, CREATE_TIME, USER_ID, SUPPLIER_ID, EXPRESS_DELIVERY_ID, EXPRESS_CODE, EXPRESS_DESC, PAST_DUE_TIME, STORAGE_TIME, PICKUP_PWD, IS_STANDARDS_COMPLIANT, NOT_STANDARDS_COMPLIANT_CAUSE, SENDER_ID, ADDRESSEE_ID, LAST_MODIFY_TIME, CLOSE_TIME, BOX_ID, TRANS_TYPE, BOX_TRANS_ID, NEED_ADD_PRICE, SIZE_TYPE, COURIER_ID)
VALUES('8','TRANS0000008',NOW(),'141b5cad90528491','000000','000000','0000102029388','快件描述信息8',0,360,'777777',1,NULL,'141df0be7c377329','141b660959772930',NULL,NULL,'1430e0370aa28941',2,'BOX_TRANS_000008',0,3,'141e33b1e1596113');
INSERT INTO T_TRANSACTION(TRANS_ID, TRANS_CODE, CREATE_TIME, USER_ID, SUPPLIER_ID, EXPRESS_DELIVERY_ID, EXPRESS_CODE, EXPRESS_DESC, PAST_DUE_TIME, STORAGE_TIME, PICKUP_PWD, IS_STANDARDS_COMPLIANT, NOT_STANDARDS_COMPLIANT_CAUSE, SENDER_ID, ADDRESSEE_ID, LAST_MODIFY_TIME, CLOSE_TIME, BOX_ID, TRANS_TYPE, BOX_TRANS_ID, NEED_ADD_PRICE, SIZE_TYPE, COURIER_ID)
VALUES('9','TRANS0000009',NOW(),'141b5cad90528491','000000','000000','0000102029389','快件描述信息9',0,360,'888888',1,NULL,'141df0be7c377329','141b660959772930',NULL,NULL,'1430e0370ab26278',1,'BOX_TRANS_000009',0,4,'141e33b1e1596113');
--交易详情
INSERT INTO T_TRANS_ACTION_DETAIL(TRANS_ACTION_ID, TRANS_ID, TRANS_ACTION_TYPE, ACTION_TIME, ACTIONER, DEVICE_ACTION_ID)
VALUES('11','1',1,NOW(),'141b6562bf454526','000011');
INSERT INTO T_TRANS_ACTION_DETAIL(TRANS_ACTION_ID, TRANS_ID, TRANS_ACTION_TYPE, ACTION_TIME, ACTIONER, DEVICE_ACTION_ID)
VALUES('12','1',2,NOW(),'141e33b1e1596113','000012');
INSERT INTO T_TRANS_ACTION_DETAIL(TRANS_ACTION_ID, TRANS_ID, TRANS_ACTION_TYPE, ACTION_TIME, ACTIONER, DEVICE_ACTION_ID)
VALUES('21','2',3,NOW(),'141def96c6495640','000021');
INSERT INTO T_TRANS_ACTION_DETAIL(TRANS_ACTION_ID, TRANS_ID, TRANS_ACTION_TYPE, ACTION_TIME, ACTIONER, DEVICE_ACTION_ID)
VALUES('31','3',1,NOW(),'141b6562bf454526','000031');
INSERT INTO T_TRANS_ACTION_DETAIL(TRANS_ACTION_ID, TRANS_ID, TRANS_ACTION_TYPE, ACTION_TIME, ACTIONER, DEVICE_ACTION_ID)
VALUES('41','4',3,NOW(),'141def96c6495640','000041');
INSERT INTO T_TRANS_ACTION_DETAIL(TRANS_ACTION_ID, TRANS_ID, TRANS_ACTION_TYPE, ACTION_TIME, ACTIONER, DEVICE_ACTION_ID)
VALUES('51','5',5,NOW(),'141de34638c62126','000051');
INSERT INTO T_TRANS_ACTION_DETAIL(TRANS_ACTION_ID, TRANS_ID, TRANS_ACTION_TYPE, ACTION_TIME, ACTIONER, DEVICE_ACTION_ID)
VALUES('61','6',1,NOW(),'141df0685ab20305','000061');
INSERT INTO T_TRANS_ACTION_DETAIL(TRANS_ACTION_ID, TRANS_ID, TRANS_ACTION_TYPE, ACTION_TIME, ACTIONER, DEVICE_ACTION_ID)
VALUES('71','7',1,NOW(),'141b6562bf454526','000071');
INSERT INTO T_TRANS_ACTION_DETAIL(TRANS_ACTION_ID, TRANS_ID, TRANS_ACTION_TYPE, ACTION_TIME, ACTIONER, DEVICE_ACTION_ID)
VALUES('81','8',3,NOW(),'141e33b1e1596113','000081');
INSERT INTO T_TRANS_ACTION_DETAIL(TRANS_ACTION_ID, TRANS_ID, TRANS_ACTION_TYPE, ACTION_TIME, ACTIONER, DEVICE_ACTION_ID)
VALUES('91','9',1,NOW(),'141df0be7c377329','000091');
--交易付款信息
INSERT INTO T_FEE_PROOF(FEE_ID, TRANS_ID, TRANS_ACTION_ID, PAY_METHODS, AMOUNT, VOUCHER_ID, VOUCHER_TOTAL, SS_FEE_ID)
VALUES('011','1','11',2,12,NULL,0,'000011');
INSERT INTO T_FEE_PROOF(FEE_ID, TRANS_ID, TRANS_ACTION_ID, PAY_METHODS, AMOUNT, VOUCHER_ID, VOUCHER_TOTAL, SS_FEE_ID)
VALUES('031','3','31',2,12,NULL,0,'000031');
INSERT INTO T_FEE_PROOF(FEE_ID, TRANS_ID, TRANS_ACTION_ID, PAY_METHODS, AMOUNT, VOUCHER_ID, VOUCHER_TOTAL, SS_FEE_ID)
VALUES('051','5','51',2,12,NULL,0,'000051');
INSERT INTO T_FEE_PROOF(FEE_ID, TRANS_ID, TRANS_ACTION_ID, PAY_METHODS, AMOUNT, VOUCHER_ID, VOUCHER_TOTAL, SS_FEE_ID)
VALUES('061','6','61',2,12,NULL,0,'000061');
INSERT INTO T_FEE_PROOF(FEE_ID, TRANS_ID, TRANS_ACTION_ID, PAY_METHODS, AMOUNT, VOUCHER_ID, VOUCHER_TOTAL, SS_FEE_ID)
VALUES('071','7','71',2,12,NULL,0,'000071');
INSERT INTO T_FEE_PROOF(FEE_ID, TRANS_ID, TRANS_ACTION_ID, PAY_METHODS, AMOUNT, VOUCHER_ID, VOUCHER_TOTAL, SS_FEE_ID)
VALUES('091','9','91',2,12,NULL,0,'000091');
-- 操作日志信息
INSERT INTO T_OPERATION_LOG(LOG_ID, SYS_PLAT_TYPE, OPERATION_USER_ID, OPERATION_TYPE, SS_ID, BOX_ID, OPERATION_CONTENT, OPERATION_RESULT, OPERATION_TIME)
VALUES('00001',1,'141b5cad90528491',1,NULL,NULL,'添加了一个快递员组信息',NULL,NOW()+1);
INSERT INTO T_OPERATION_LOG(LOG_ID, SYS_PLAT_TYPE, OPERATION_USER_ID, OPERATION_TYPE, SS_ID, BOX_ID, OPERATION_CONTENT, OPERATION_RESULT, OPERATION_TIME)
VALUES('00002',1,'141b5cad90528491',2,NULL,NULL,'修改了一个快递员组信息',NULL,NOW()+2);
INSERT INTO T_OPERATION_LOG(LOG_ID, SYS_PLAT_TYPE, OPERATION_USER_ID, OPERATION_TYPE, SS_ID, BOX_ID, OPERATION_CONTENT, OPERATION_RESULT, OPERATION_TIME)
VALUES('00003',1,'141b5cad90528491',9,NULL,NULL,'添加物箱组信息',NULL,NOW()+3);
INSERT INTO T_OPERATION_LOG(LOG_ID, SYS_PLAT_TYPE, OPERATION_USER_ID, OPERATION_TYPE, SS_ID, BOX_ID, OPERATION_CONTENT, OPERATION_RESULT, OPERATION_TIME)
VALUES('00004',1,'141b5cad90528491',13,'142bc51ca9530447',NULL,'平台手动发起同步物箱信息',NULL,NOW()+4);
INSERT INTO T_OPERATION_LOG(LOG_ID, SYS_PLAT_TYPE, OPERATION_USER_ID, OPERATION_TYPE, SS_ID, BOX_ID, OPERATION_CONTENT, OPERATION_RESULT, OPERATION_TIME)
VALUES('00005',2,'141b5cad90528491',13,'142bc51ca9530447',NULL,'物箱端请求并同步物箱信息',NULL,NOW()+5);
INSERT INTO T_OPERATION_LOG(LOG_ID, SYS_PLAT_TYPE, OPERATION_USER_ID, OPERATION_TYPE, SS_ID, BOX_ID, OPERATION_CONTENT, OPERATION_RESULT, OPERATION_TIME)
VALUES('00006',1,'141b5cad90528491',15,'142bc51ca9530447',NULL,'配置取件快递员',NULL,NOW()+6);
INSERT INTO T_OPERATION_LOG(LOG_ID, SYS_PLAT_TYPE, OPERATION_USER_ID, OPERATION_TYPE, SS_ID, BOX_ID, OPERATION_CONTENT, OPERATION_RESULT, OPERATION_TIME)
VALUES('00007',1,'141b5cad90528491',17,'142bc51ca9530447','1430e0370aa76337','平台发送开箱指令',NULL,NOW()+7);
INSERT INTO T_OPERATION_LOG(LOG_ID, SYS_PLAT_TYPE, OPERATION_USER_ID, OPERATION_TYPE, SS_ID, BOX_ID, OPERATION_CONTENT, OPERATION_RESULT, OPERATION_TIME)
VALUES('00008',2,'141b5cad90528491',17,'142bc51ca9530447','1430e0370aa28941','开箱',NULL,NOW()+8);
INSERT INTO T_OPERATION_LOG(LOG_ID, SYS_PLAT_TYPE, OPERATION_USER_ID, OPERATION_TYPE, SS_ID, BOX_ID, OPERATION_CONTENT, OPERATION_RESULT, OPERATION_TIME)
VALUES('00009',2,'1429e19691277323',23,'142bc51ca9530447','1430e0370ab42515','寄存一个包裹',NULL,NOW()+9);

